problem,tdp_value,opt,time_preprocessing,time_our_solver,time_total
9559559,2,8519729,0.10924601554870605,0.4609372615814209,0.570183277130127
